elapsed_seconds,voltage_volts,current_amps,power_watts
0.0,3.4364,0.0,0.0
1.0,3.4361,0.0,0.0
2.001,3.4359,0.0,0.0
3.001,3.4359,0.0,0.0
4.002,3.4361,0.0,0.0
5.003,4.06143956302185,1.5701,4.4221
6.003,3.4359,2.0001,5.2766
7.003,3.4314,2.0001,5.2682
8.003,3.4276,2.0001,5.261
9.003,3.4245,2.0001,5.2546
10.004,3.4213,2.0001,5.2488
11.004,3.4188,2.0001,5.2438
12.005,3.4168000000000003,2.0001,5.2396
13.005,3.4148,2.0001,5.236
14.005,3.4129,2.0001,5.2322
15.006,3.4099000000000004,2.0001,5.2256
16.006,3.407,2.0001,5.22
17.007,3.4045,2.0001,5.2146
18.007,3.4024,2.0001,5.2116
19.007,3.4010000000000002,2.0001,5.2088
20.008,3.3996000000000004,2.0001,5.2058
21.008,3.3984,2.0001,5.2028
22.008,3.3960000000000004,2.0001,5.1984
23.009,3.3938,2.0001,5.1934
24.009,3.3923,2.0001,5.1902
25.009,3.391,2.0001,5.1884
26.01,3.3902,2.0001,5.1872
27.01,3.3890000000000002,2.0001,5.185
28.011,3.3882000000000003,2.0001,5.183
29.011,3.3869000000000002,2.0001,5.1802
30.012,3.386,2.0001,5.1784
31.012,3.3846000000000003,2.0001,5.1758
32.013,3.3829000000000002,2.0001,5.1722
33.015,3.3815000000000004,2.0001,5.1696
34.015,3.3804000000000003,2.0001,5.1672
35.015,3.3797,2.0001,5.1658
36.016,3.3793,2.0001,5.1652
37.016,3.3786,2.0001,5.1636
38.017,3.378,2.0001,5.1624
39.017,3.3772,2.0001,5.1614
40.018,3.3768000000000002,2.0001,5.1602
41.018,3.3763,2.0001,5.1596
42.018,3.3757,2.0001,5.158
43.018,3.3751,2.0001,5.1572
44.018,3.3743000000000003,2.0001,5.155
45.019,3.373,2.0001,5.1524
46.019,3.3721,2.0001,5.1508
47.02,3.3711,2.0001,5.149
48.021,3.3707000000000003,2.0001,5.1478
49.021,3.3699000000000003,2.0001,5.1464
50.022,3.3691,2.0001,5.1452
51.022,3.3688000000000002,2.0001,5.1446
52.022,3.3680000000000003,2.0001,5.1428
53.023,3.3677,2.0001,5.142
54.023,3.3669000000000002,2.0001,5.1408
55.023,3.3668,2.0001,5.1402
56.024,3.3663000000000003,2.0001,5.1392
57.024,3.3654,2.0001,5.1374
58.025,3.3654,2.0001,5.1378
59.025,3.3649,2.0001,5.1368
60.026,3.3646000000000003,2.0001,5.1358
61.027,3.3638000000000003,2.0001,5.1346
62.027,3.3635,2.0001,5.134
63.027,3.3635,2.0001,5.1336
64.028,3.3632000000000004,2.0001,5.1336
65.028,3.363,2.0001,5.133
66.028,3.3627000000000002,2.0001,5.132
67.029,3.3618,2.0001,5.1302
68.029,3.3611,2.0001,5.129
69.03,3.3608000000000002,2.0001,5.1286
70.03,3.3608000000000002,2.0001,5.1286
71.03,3.3605,2.0001,5.1278
72.031,3.3599,2.0001,5.1268
73.031,3.3597,2.0001,5.1264
74.032,3.3594000000000004,2.0001,5.1258
75.032,3.3589,2.0001,5.1248
76.032,3.3588,2.0001,5.1242
77.033,3.3582,2.0001,5.123
78.034,3.358,2.0001,5.123
79.035,3.3578,2.0001,5.1226
80.036,3.3577000000000004,2.0001,5.1224
81.036,3.3577000000000004,2.0001,5.122
82.036,3.3574,2.0001,5.1218
83.037,3.3571000000000004,2.0001,5.1212
84.037,3.3569,2.0001,5.1206
85.037,3.3564000000000003,2.0001,5.1196
86.038,3.3561,2.0001,5.1192
87.038,3.3560000000000003,2.0001,5.1186
88.038,3.3555,2.0001,5.118
89.039,3.3553,2.0001,5.1176
90.039,3.3552000000000004,2.0001,5.117
91.041,3.3546,2.0001,5.1162
92.041,3.3539000000000003,2.0001,5.1148
93.042,3.3536,2.0001,5.1142
94.042,3.3533000000000004,2.0001,5.1134
95.043,3.3527,2.0001,5.112
96.044,3.3522000000000003,2.0001,5.1112
97.044,3.3517,2.0001,5.1104
98.045,3.3513,2.0001,5.1092
99.045,3.3507000000000002,2.0001,5.108
100.046,3.35,2.0001,5.1068
101.047,3.3497000000000003,2.0001,5.1064
102.047,3.3494,2.0001,5.1058
103.048,3.3491000000000004,2.0001,5.1048
104.048,3.3485,2.0001,5.1036
105.049,3.3482000000000003,2.0001,5.1034
106.049,3.3480000000000003,2.0001,5.1026
107.05,3.3477,2.0001,5.1024
108.051,3.3475,2.0001,5.102
109.051,3.3474000000000004,2.0001,5.1014
110.052,3.3469,2.0001,5.1004
111.052,3.3464,2.0001,5.0998
112.052,3.3463000000000003,2.0001,5.0996
113.053,3.3461000000000003,2.0001,5.099
114.053,3.3457000000000003,2.0001,5.0984
115.053,3.3455000000000004,2.0001,5.098
116.054,3.3453000000000004,2.0001,5.0976
117.054,3.345,2.0001,5.097
118.054,3.3449,2.0001,5.0964
119.054,3.3446000000000002,2.0001,5.0958
120.055,3.3441,2.0001,5.0952
121.055,3.3438000000000003,2.0001,5.0946
122.055,3.3438000000000003,2.0001,5.0942
123.055,3.3435,2.0001,5.094
124.056,3.3433,2.0001,5.0936
125.056,3.3431,2.0001,5.0932
126.057,3.3431,2.0001,5.0932
127.057,3.3430000000000004,2.0001,5.093
128.057,3.3428,2.0001,5.0924
129.057,3.3425000000000002,2.0001,5.0913
130.058,3.3421000000000003,2.0001,5.0912
131.059,3.3419000000000003,2.0001,5.0908
132.059,3.3416,2.0001,5.0902
133.06,3.3413000000000004,2.0001,5.0896
134.06,3.341,2.0001,5.0886
135.061,3.3405,2.0001,5.088
136.061,3.3402000000000003,2.0001,5.087
137.061,3.3397,2.0001,5.0862
138.062,3.3392000000000004,2.0001,5.0852
139.062,3.3389,2.0001,5.0848
140.063,3.3386,2.0001,5.084
141.063,3.3381000000000003,2.0001,5.0832
142.064,3.3378,2.0001,5.0826
143.065,3.3375000000000004,2.0001,5.0818
144.065,3.337,2.0001,5.081
145.065,3.3367,2.0001,5.0804
146.066,3.3364000000000003,2.0001,5.0798
147.067,3.3361,2.0001,5.0792
148.067,3.3356000000000003,2.0001,5.0782
149.067,3.3353,2.0001,5.0774
150.067,3.3350000000000004,2.0001,5.0768
151.068,3.3345000000000002,2.0001,5.076
152.068,3.3344,2.0001,5.0754
153.068,3.3342,2.0001,5.0754
154.068,3.3341000000000003,2.0001,5.0748
155.069,3.3338,2.0001,5.0742
156.069,3.3335000000000004,2.0001,5.074
157.069,3.3331000000000004,2.0001,5.0732
158.07,3.333,2.0001,5.0726
159.07,3.3327,2.0001,5.0724
160.071,3.3324000000000003,2.0001,5.0718
161.071,3.3322000000000003,2.0001,5.071
162.071,3.3319,2.0001,5.0704
163.072,3.3314000000000004,2.0001,5.0698
164.072,3.3311,2.0001,5.069
165.073,3.3306,2.0001,5.0682
166.073,3.3303000000000003,2.0001,5.0674
167.074,3.33,2.0001,5.0668
168.074,3.3295000000000003,2.0001,5.0658
169.075,3.3291000000000004,2.0001,5.0648
170.076,3.3286000000000002,2.0001,5.0642
171.077,3.3283,2.0001,5.0632
172.077,3.3278000000000003,2.0001,5.0626
173.078,3.3275,2.0001,5.0618
174.078,3.3270000000000004,2.0001,5.061
175.079,3.3267,2.0001,5.0604
176.079,3.3264,2.0001,5.0596
177.08,3.3259000000000003,2.0001,5.0586
178.08,3.3255000000000003,2.0001,5.0576
179.081,3.325,2.0001,5.057
180.081,3.3247,2.0001,5.056
181.082,3.3242000000000003,2.0001,5.0554
182.082,3.3239,2.0001,5.0548
183.083,3.3238000000000003,2.0001,5.0542
184.083,3.3234000000000004,2.0001,5.0538
185.083,3.3233,2.0001,5.0532
186.084,3.3228,2.0001,5.0526
187.084,3.3228,2.0001,5.052
188.085,3.3222,2.0001,5.0514
189.085,3.3217000000000003,2.0001,5.0502
190.086,3.3214,2.0001,5.0498
191.086,3.3211000000000004,2.0001,5.0488
192.086,3.3208,2.0001,5.0486
193.086,3.3205,2.0001,5.0476
194.087,3.3200000000000003,2.0001,5.047
195.087,3.3198000000000003,2.0001,5.0466
196.087,3.3195,2.0001,5.046
197.088,3.3192000000000004,2.0001,5.0454
198.088,3.3189,2.0001,5.0446
199.088,3.3184,2.0001,5.0436
200.089,3.318,2.0001,5.0426
201.089,3.3173000000000004,2.0001,5.0416
202.09,3.3169000000000004,2.0001,5.0404
203.09,3.3164000000000002,2.0001,5.0394
204.091,3.3158000000000003,2.0001,5.0386
205.091,3.3153,2.0001,5.0374
206.092,3.3148000000000004,2.0001,5.0366
207.092,3.3145000000000002,2.0001,5.036
208.094,3.3142,2.0001,5.0354
209.095,3.3139000000000003,2.0001,5.0348
210.095,3.3137000000000003,2.0001,5.0342
211.096,3.3134,2.0001,5.0338
212.096,3.3131000000000004,2.0001,5.0332
213.097,3.3128,2.0001,5.0326
214.097,3.3125,2.0001,5.032
215.098,3.3122000000000003,2.0001,5.0314
216.098,3.3119,2.0001,5.0304
217.099,3.3116000000000003,2.0001,5.0298
218.099,3.3111,2.0001,5.0292
219.099,3.3109,2.0001,5.0286
220.099,3.3106,2.0001,5.028
221.1,3.3103000000000002,2.0001,5.0274
222.101,3.31,2.0001,5.0266
223.101,3.3095000000000003,2.0001,5.026
224.102,3.3092,2.0001,5.0254
225.102,3.3089000000000004,2.0001,5.0244
226.103,3.3084000000000002,2.0001,5.0238
227.104,3.3081,2.0001,5.0232
228.104,3.3078000000000003,2.0001,5.0222
229.105,3.3073,2.0001,5.0214
230.106,3.3069,2.0001,5.0204
231.106,3.3064,2.0001,5.0194
232.107,3.3058,2.0001,5.0186
233.107,3.3053000000000003,2.0001,5.0172
234.107,3.3047000000000004,2.0001,5.016
235.108,3.3042000000000002,2.0001,5.0152
236.108,3.3036000000000003,2.0001,5.0142
237.108,3.3031,2.0001,5.013
238.109,3.3026,2.0001,5.012
239.109,3.3022,2.0001,5.011
240.11,3.3019000000000003,2.0001,5.0104
241.11,3.3014,2.0001,5.0094
242.11,3.3009000000000004,2.0001,5.0088
243.111,3.3006,2.0001,5.008
244.111,3.3001,2.0001,5.0072
245.112,3.2998000000000003,2.0001,5.0066
246.112,3.2995,2.0001,5.006
247.113,3.2992000000000004,2.0001,5.005
248.113,3.2987,2.0001,5.0044
249.113,3.2984,2.0001,5.0038
250.114,3.2981000000000003,2.0001,5.0032
251.114,3.2978,2.0001,5.0022
252.114,3.2973000000000003,2.0001,5.0016
253.114,3.2972,2.0001,5.001
254.115,3.2967000000000004,2.0001,5.0004
255.115,3.2964,2.0001,4.9998
256.115,3.2961,2.0001,4.9988
257.115,3.2956000000000003,2.0001,4.9982
258.116,3.2951,2.0001,4.9972
259.116,3.2948000000000004,2.0001,4.9964
260.116,3.2944,2.0001,4.9954
261.117,3.2939000000000003,2.0001,4.9948
262.117,3.2936,2.0001,4.9938
263.118,3.2931000000000004,2.0001,4.9928
264.118,3.2926,2.0001,4.992
265.118,3.2922000000000002,2.0001,4.991
266.118,3.2915,2.0001,4.9898
267.118,3.2911,2.0001,4.9888
268.119,3.2906000000000004,2.0001,4.9878
269.119,3.2901000000000002,2.0001,4.987
270.119,3.2895000000000003,2.0001,4.986
271.119,3.289,2.0001,4.985
272.119,3.2886,2.0001,4.9838
273.12,3.2879,2.0001,4.9828
274.12,3.2875,2.0001,4.9816
275.12,3.2868000000000004,2.0001,4.9806
276.121,3.2862,2.0001,4.9792
277.121,3.2856,2.0001,4.9782
278.121,3.2851000000000004,2.0001,4.977
279.122,3.2845,2.0001,4.9756
280.122,3.2839,2.0001,4.9744
281.122,3.2833,2.0001,4.9732
282.122,3.2826000000000004,2.0001,4.972
283.122,3.2818,2.0001,4.9706
284.122,3.2812,2.0001,4.9692
285.122,3.2806,2.0001,4.9678
286.123,3.2800000000000002,2.0001,4.9666
287.123,3.2793,2.0001,4.9656
288.123,3.2787,2.0001,4.9644
289.123,3.2782,2.0001,4.9632
290.124,3.2775000000000003,2.0001,4.962
291.124,3.2768,2.0001,4.9604
292.125,3.2762000000000002,2.0001,4.9592
293.125,3.2756000000000003,2.0001,4.9578
294.125,3.2750000000000004,2.0001,4.9566
295.126,3.2743,2.0001,4.9554
296.126,3.2737000000000003,2.0001,4.9544
297.126,3.2732,2.0001,4.9532
298.126,3.2725000000000004,2.0001,4.9516
299.126,3.2718000000000003,2.0001,4.9506
300.127,3.2714000000000003,2.0001,4.9494
301.127,3.2707,2.0001,4.9482
302.127,3.2704000000000004,2.0001,4.9476
303.127,3.2696,2.0001,4.946
304.127,3.2693000000000003,2.0001,4.9454
305.127,3.2686,2.0001,4.9434
306.128,3.2678000000000003,2.0001,4.9422
307.128,3.2671,2.0001,4.9406
308.129,3.2664000000000004,2.0001,4.9394
309.129,3.2657000000000003,2.0001,4.9382
310.129,3.2651000000000003,2.0001,4.937
311.129,3.2643,2.0001,4.9354
312.13,3.2637,2.0001,4.934
313.13,3.2631,2.0001,4.9328
314.131,3.2625,2.0001,4.9316
315.131,3.2618,2.0001,4.9304
316.131,3.2614,2.0001,4.9294
317.132,3.2607000000000004,2.0001,4.9284
318.132,3.2601,2.0001,4.9272
319.133,3.2596000000000003,2.0001,4.926
320.133,3.2590000000000003,2.0001,4.9248
321.133,3.2582,2.0001,4.9232
322.133,3.2576,2.0001,4.9218
323.134,3.257,2.0001,4.9206
324.134,3.2564,2.0001,4.9194
325.135,3.2557,2.0001,4.9182
326.135,3.2549,2.0001,4.9166
327.135,3.2543,2.0001,4.9154
328.136,3.2537000000000003,2.0001,4.914
329.136,3.2531000000000003,2.0001,4.9128
330.136,3.2524,2.0001,4.9118
331.136,3.2518000000000002,2.0001,4.9104
332.137,3.2512000000000003,2.0001,4.909
333.137,3.2506000000000004,2.0001,4.9078
334.137,3.2496,2.0001,4.906
335.137,3.2481,2.0001,4.9034
336.138,3.2474000000000003,2.0001,4.9016
337.138,3.2468000000000004,2.0001,4.9004
338.138,3.2462000000000004,2.0001,4.899
339.138,3.2454,2.0001,4.8976
340.139,3.2446,2.0001,4.896
341.139,3.2438000000000002,2.0001,4.8944
342.139,3.2432000000000003,2.0001,4.8932
343.14,3.2424000000000004,2.0001,4.8916
344.14,3.2418,2.0001,4.8904
345.14,3.241,2.0001,4.8888
346.141,3.2402,2.0001,4.8872
347.141,3.2395,2.0001,4.8856
348.141,3.2387,2.0001,4.884
349.141,3.2379000000000002,2.0001,4.8824
350.142,3.2371000000000003,2.0001,4.881
351.142,3.2363000000000004,2.0001,4.8794
352.143,3.2354000000000003,2.0001,4.8774
353.143,3.2346000000000004,2.0001,4.8756
354.143,3.2337000000000002,2.0001,4.874
355.143,3.2329000000000003,2.0001,4.8722
356.143,3.232,2.0001,4.8706
357.143,3.2310000000000003,2.0001,4.8688
358.144,3.2302000000000004,2.0001,4.8672
359.144,3.2293000000000003,2.0001,4.8652
360.144,3.2285000000000004,2.0001,4.8638
361.145,3.2276000000000002,2.0001,4.8618
362.145,3.2266000000000004,2.0001,4.86
363.145,3.2259,2.0001,4.8584
364.146,3.2249000000000003,2.0001,4.8566
365.146,3.224,2.0001,4.8546
366.146,3.2230000000000003,2.0001,4.8528
367.146,3.2223,2.0001,4.8508
368.147,3.2213000000000003,2.0001,4.8494
369.147,3.2205000000000004,2.0001,4.8474
370.147,3.2196000000000002,2.0001,4.8458
371.147,3.2187,2.0001,4.844
372.148,3.2177000000000002,2.0001,4.8422
373.148,3.2168,2.0001,4.8402
374.148,3.216,2.0001,4.8384
375.149,3.2151,2.0001,4.8368
376.149,3.2141,2.0001,4.835
377.149,3.2133000000000003,2.0001,4.8334
378.15,3.2124,2.0001,4.8316
379.15,3.2115,2.0001,4.8296
380.15,3.2107,2.0001,4.828
381.151,3.2098,2.0001,4.8262
382.151,3.209,2.0001,4.8246
383.152,3.208,2.0001,4.8228
384.152,3.2072000000000003,2.0001,4.8212
385.153,3.2063,2.0001,4.8194
386.153,3.2055000000000002,2.0001,4.8178
387.153,3.2047000000000003,2.0001,4.8162
388.153,3.204,2.0001,4.8146
389.153,3.2030000000000003,2.0001,4.8128
390.154,3.2021,2.0001,4.8108
391.154,3.2011000000000003,2.0001,4.8092
392.155,3.2004,2.0001,4.8074
393.155,3.1994000000000002,2.0001,4.8056
394.155,3.1986000000000003,2.0001,4.804
395.155,3.1977,2.0001,4.8022
396.155,3.1968,2.0001,4.8002
397.155,3.196,2.0001,4.7986
398.156,3.1952000000000003,2.0001,4.7972
399.156,3.1944000000000004,2.0001,4.7956
400.157,3.1935000000000002,2.0001,4.7936
401.157,3.1927000000000003,2.0001,4.792
402.157,3.1919000000000004,2.0001,4.7906
403.158,3.1910000000000003,2.0001,4.7886
404.158,3.1900000000000004,2.0001,4.7868
405.159,3.1893000000000002,2.0001,4.7852
406.159,3.1883000000000004,2.0001,4.7834
407.159,3.1875,2.0001,4.7818
408.159,3.1866000000000003,2.0001,4.7798
409.16,3.1857,2.0001,4.778
410.16,3.1847000000000003,2.0001,4.7762
411.16,3.1839000000000004,2.0001,4.7746
412.161,3.1830000000000003,2.0001,4.7728
413.161,3.1822000000000004,2.0001,4.7708
414.162,3.1813000000000002,2.0001,4.7692
415.162,3.1803000000000003,2.0001,4.7674
416.162,3.1794000000000002,2.0001,4.7656
417.163,3.1786000000000003,2.0001,4.764
418.163,3.1777,2.0001,4.762
419.163,3.1768,2.0001,4.7602
420.164,3.1758,2.0001,4.7584
421.164,3.1750000000000003,2.0001,4.7568
422.165,3.1741,2.0001,4.7548
423.165,3.1732,2.0001,4.753
424.165,3.1724,2.0001,4.7512
425.166,3.1714,2.0001,4.7496
426.166,3.1705,2.0001,4.7476
427.167,3.1697,2.0001,4.7462
428.168,3.1688,2.0001,4.7442
429.168,3.168,2.0001,4.7424
430.168,3.1671,2.0001,4.7408
431.169,3.1664000000000003,2.0001,4.7396
432.169,3.1655,2.0001,4.7376
433.17,3.1647000000000003,2.0001,4.7362
434.17,3.1639000000000004,2.0001,4.7346
435.17,3.1630000000000003,2.0001,4.7326
436.171,3.1622000000000003,2.0001,4.7308
437.171,3.1613,2.0001,4.7292
438.172,3.1603000000000003,2.0001,4.7274
439.172,3.1596,2.0001,4.7254
440.172,3.1586000000000003,2.0001,4.724
441.172,3.1577,2.0001,4.722
442.172,3.1567000000000003,2.0001,4.7202
443.173,3.1558,2.0001,4.7182
444.173,3.1550000000000002,2.0001,4.7168
445.173,3.1541,2.0001,4.7148
446.173,3.1533,2.0001,4.7132
447.174,3.1524,2.0001,4.7114
448.174,3.1516,2.0001,4.7098
449.174,3.1506000000000003,2.0001,4.708
450.175,3.1497,2.0001,4.706
451.175,3.1488,2.0001,4.7042
452.175,3.148,2.0001,4.7026
453.175,3.1470000000000002,2.0001,4.7008
454.176,3.1461,2.0001,4.6988
455.176,3.1452,2.0001,4.697
456.177,3.1444,2.0001,4.6954
457.177,3.1434,2.0001,4.6936
458.178,3.1425,2.0001,4.6916
459.178,3.1416000000000004,2.0001,4.6898
460.178,3.1406,2.0001,4.688
461.178,3.1397000000000004,2.0001,4.686
462.179,3.1388000000000003,2.0001,4.6842
463.179,3.1380000000000003,2.0001,4.6824
464.18,3.137,2.0001,4.6808
465.18,3.1361000000000003,2.0001,4.6788
466.181,3.1353,2.0001,4.677
467.181,3.1344000000000003,2.0001,4.6754
468.182,3.1334000000000004,2.0001,4.6736
469.182,3.1327000000000003,2.0001,4.672
470.183,3.1317000000000004,2.0001,4.6702
471.183,3.1309,2.0001,4.6686
472.184,3.1300000000000003,2.0001,4.6666
473.184,3.1291,2.0001,4.6648
474.185,3.1283000000000003,2.0001,4.6632
475.185,3.1273000000000004,2.0001,4.6614
476.185,3.1264000000000003,2.0001,4.6594
477.186,3.1256000000000004,2.0001,4.658
478.186,3.1247000000000003,2.0001,4.656
479.186,3.1239000000000003,2.0001,4.6542
480.187,3.123,2.0001,4.6526
481.188,3.1220000000000003,2.0001,4.6508
482.188,3.1212000000000004,2.0001,4.6492
483.189,3.1203000000000003,2.0001,4.6472
484.189,3.1194,2.0001,4.6454
485.19,3.1186000000000003,2.0001,4.6438
486.191,3.1178000000000003,2.0001,4.6422
487.191,3.117,2.0001,4.6408
488.191,3.1161000000000003,2.0001,4.6388
489.191,3.1153000000000004,2.0001,4.6372
490.192,3.1145,2.0001,4.6354
491.192,3.1136000000000004,2.0001,4.6338
492.192,3.1126,2.0001,4.632
493.193,3.1119000000000003,2.0001,4.6304
494.193,3.1109,2.0001,4.6286
495.193,3.1101,2.0001,4.627
496.194,3.1092000000000004,2.0001,4.625
497.194,3.1084,2.0001,4.6236
498.194,3.1075000000000004,2.0001,4.6216
499.194,3.1067,2.0001,4.62
500.195,3.1059,2.0001,4.6188
501.195,3.1053,2.0001,4.617
502.196,3.1043000000000003,2.0001,4.6154
503.196,3.1036,2.0001,4.6138
504.197,3.1028000000000002,2.0001,4.6122
505.197,3.1020000000000003,2.0001,4.6106
506.198,3.1012000000000004,2.0001,4.6092
507.198,3.1006,2.0001,4.6076
508.198,3.0998,2.0001,4.606
509.199,3.0989,2.0001,4.6044
510.199,3.0981,2.0001,4.6028
511.199,3.0973,2.0001,4.6014
512.2,3.0965000000000003,2.0001,4.5998
513.2,3.0957000000000003,2.0001,4.5982
514.201,3.095,2.0001,4.5966
515.201,3.0940000000000003,2.0001,4.5948
516.202,3.0932000000000004,2.0001,4.5932
517.202,3.0923000000000003,2.0001,4.5912
518.203,3.0915000000000004,2.0001,4.5898
519.203,3.0906000000000002,2.0001,4.5878
520.204,3.0898000000000003,2.0001,4.5862
521.204,3.0890000000000004,2.0001,4.5844
522.205,3.0881000000000003,2.0001,4.5828
523.205,3.0871000000000004,2.0001,4.581
524.205,3.0862000000000003,2.0001,4.579
525.205,3.0854000000000004,2.0001,4.5776
526.206,3.0846,2.0001,4.576
527.206,3.0837000000000003,2.0001,4.574
528.207,3.0828,2.0001,4.5722
529.207,3.0820000000000003,2.0001,4.5706
530.207,3.0812000000000004,2.0001,4.569
531.207,3.0803000000000003,2.0001,4.5672
532.208,3.0795000000000003,2.0001,4.5656
533.208,3.0787,2.0001,4.564
534.208,3.0778000000000003,2.0001,4.5622
535.208,3.0770000000000004,2.0001,4.5606
536.208,3.076,2.0001,4.5588
537.208,3.0753000000000004,2.0001,4.5572
538.209,3.0745,2.0001,4.5556
539.209,3.0737,2.0001,4.554
540.209,3.0729,2.0001,4.5526
541.21,3.0721000000000003,2.0001,4.551
542.21,3.0712,2.0001,4.549
543.21,3.0706,2.0001,4.5478
544.211,3.0696000000000003,2.0001,4.546
545.211,3.0688000000000004,2.0001,4.5444
546.212,3.0681000000000003,2.0001,4.5428
547.212,3.0673000000000004,2.0001,4.5412
548.212,3.0663,2.0001,4.5396
549.212,3.0656000000000003,2.0001,4.5378
550.213,3.0648000000000004,2.0001,4.5366
551.213,3.0642,2.0001,4.535
552.214,3.0634,2.0001,4.5334
553.214,3.0627,2.0001,4.5322
554.214,3.0620000000000003,2.0001,4.5306
555.215,3.0612000000000004,2.0001,4.529
556.215,3.0604,2.0001,4.5274
557.216,3.0596,2.0001,4.526
558.216,3.0588,2.0001,4.5244
559.217,3.0579,2.0001,4.5224
560.217,3.0571,2.0001,4.521
561.217,3.0563000000000002,2.0001,4.519
562.218,3.0554,2.0001,4.5174
563.218,3.0546,2.0001,4.516
564.218,3.0537,2.0001,4.514
565.218,3.0529,2.0001,4.5124
566.219,3.0521000000000003,2.0001,4.511
567.219,3.0513000000000003,2.0001,4.509
568.219,3.0505,2.0001,4.5078
569.22,3.0496000000000003,2.0001,4.506
570.22,3.0488000000000004,2.0001,4.5044
571.221,3.048,2.0001,4.5028
572.221,3.0473000000000003,2.0001,4.5012
573.222,3.0465,2.0001,4.4996
574.222,3.0457,2.0001,4.498
575.222,3.0449,2.0001,4.4966
576.223,3.044,2.0001,4.4946
577.223,3.0432,2.0001,4.493
578.223,3.0424,2.0001,4.4916
579.223,3.0416000000000003,2.0001,4.49
580.224,3.0409,2.0001,4.4884
581.224,3.0401000000000002,2.0001,4.4868
582.225,3.0391000000000004,2.0001,4.485
583.225,3.0384,2.0001,4.4834
584.225,3.0376000000000003,2.0001,4.4818
585.226,3.0368000000000004,2.0001,4.4802
586.226,3.0358,2.0001,4.4784
587.226,3.0351000000000004,2.0001,4.4768
588.227,3.0341,2.0001,4.475
589.227,3.0333,2.0001,4.4734
590.227,3.0324,2.0001,4.4716
591.228,3.0316,2.0001,4.47
592.228,3.0307000000000004,2.0001,4.468
593.229,3.0299,2.0001,4.4664
594.23,3.0291,2.0001,4.465
595.23,3.0282,2.0001,4.463
596.23,3.0274,2.0001,4.4614
597.231,3.0266,2.0001,4.4596
598.232,3.0257,2.0001,4.458
599.232,3.0249,2.0001,4.4564
600.232,3.024,2.0001,4.4546
601.233,3.0232,2.0001,4.453
602.233,3.0224,2.0001,4.4514
603.233,3.0215,2.0001,4.4496
604.234,3.0207,2.0001,4.448
605.234,3.0199000000000003,2.0001,4.4464
606.235,3.0191000000000003,2.0001,4.445
607.235,3.0183,2.0001,4.4434
608.235,3.0176000000000003,2.0001,4.4418
609.235,3.0168000000000004,2.0001,4.4402
610.235,3.0158,2.0001,4.4384
611.235,3.015,2.0001,4.437
612.236,3.0143,2.0001,4.4352
613.236,3.0133,2.0001,4.4334
614.236,3.0125,2.0001,4.4318
615.236,3.0116,2.0001,4.43
616.236,3.0108,2.0001,4.4284
617.237,3.0099,2.0001,4.4264
618.237,3.0091,2.0001,4.425
619.237,3.0082,2.0001,4.423
620.238,3.0074,2.0001,4.4214
621.238,3.0064,2.0001,4.4198
622.238,3.0057,2.0001,4.4178
623.239,3.0047,2.0001,4.4162
624.239,3.0039000000000002,2.0001,4.4146
625.239,3.003,2.0001,4.4128
626.24,3.0021,2.0001,4.4108
627.24,3.0013,2.0001,4.409
628.24,3.0002,2.0001,4.407
629.241,2.9994,2.0001,4.4052
630.241,2.9985000000000004,2.0001,4.4036
631.241,2.9975,2.0001,4.4018
632.242,2.9966000000000004,2.0001,4.3998
633.242,2.9957000000000003,2.0001,4.398
634.242,2.9949000000000003,2.0001,4.3964
635.243,2.9939,2.0001,4.3942
636.243,2.9930000000000003,2.0001,4.3924
637.243,2.9919000000000002,2.0001,4.3904
638.244,2.991,2.0001,4.3886
639.244,2.9902,2.0001,4.3868
640.244,2.9892000000000003,2.0001,4.3848
641.245,2.9883,2.0001,4.383
642.245,2.9874,2.0001,4.3812
643.245,2.9866,2.0001,4.3796
644.246,2.9858000000000002,2.0001,4.378
645.246,2.9847,2.0001,4.3762
646.246,2.9838,2.0001,4.3742
647.247,2.983,2.0001,4.3724
648.247,2.9821000000000004,2.0001,4.3708
649.247,2.9811,2.0001,4.369
650.247,2.9802000000000004,2.0001,4.367
651.248,2.9792,2.0001,4.3652
652.248,2.9785000000000004,2.0001,4.3636
653.248,2.9775,2.0001,4.3618
654.248,2.9766000000000004,2.0001,4.3598
655.248,2.9758,2.0001,4.3582
656.249,2.9749000000000003,2.0001,4.3564
657.249,2.9739,2.0001,4.3542
658.25,2.9731,2.0001,4.3526
659.25,2.9722000000000004,2.0001,4.351
660.251,2.9714,2.0001,4.3492
661.251,2.9705000000000004,2.0001,4.3476
662.251,2.9695,2.0001,4.3458
663.251,2.9686000000000003,2.0001,4.3438
664.252,2.9677000000000002,2.0001,4.342
665.252,2.9667000000000003,2.0001,4.3402
666.253,2.9659,2.0001,4.3382
667.253,2.9648000000000003,2.0001,4.3364
668.253,2.9641,2.0001,4.3348
669.253,2.9631000000000003,2.0001,4.333
670.254,2.9622,2.0001,4.331
671.254,2.9613,2.0001,4.3292
672.254,2.9605,2.0001,4.3276
673.254,2.9595000000000002,2.0001,4.3258
674.255,2.9586,2.0001,4.3238
675.255,2.9577,2.0001,4.322
676.256,2.9567,2.0001,4.3198
677.256,2.9558,2.0001,4.318
678.256,2.9548,2.0001,4.3164
679.256,2.9539000000000004,2.0001,4.3144
680.257,2.9531,2.0001,4.313
681.257,2.9522000000000004,2.0001,4.311
682.257,2.9512,2.0001,4.3092
683.257,2.9505000000000003,2.0001,4.3072
684.257,2.9495,2.0001,4.3054
685.257,2.9486000000000003,2.0001,4.3036
686.258,2.9476,2.0001,4.302
687.258,2.9467000000000003,2.0001,4.3002
688.258,2.9458,2.0001,4.2982
689.258,2.9448000000000003,2.0001,4.2964
690.259,2.9439,2.0001,4.2944
691.259,2.943,2.0001,4.2926
692.259,2.9419000000000004,2.0001,4.2904
693.26,2.9409,2.0001,4.2886
694.261,2.9400000000000004,2.0001,4.2866
695.261,2.939,2.0001,4.2844
696.261,2.938,2.0001,4.2826
697.262,2.9370000000000003,2.0001,4.2808
698.262,2.9361,2.0001,4.2786
699.262,2.935,2.0001,4.2766
700.262,2.934,2.0001,4.2748
701.263,2.9331,2.0001,4.2726
702.263,2.9322000000000004,2.0001,4.271
703.263,2.9312,2.0001,4.2692
704.264,2.9303000000000003,2.0001,4.2672
705.264,2.9293,2.0001,4.2654
706.265,2.9284000000000003,2.0001,4.2636
707.265,2.9275,2.0001,4.2614
708.266,2.9264,2.0001,4.2594
709.266,2.9254000000000002,2.0001,4.2572
710.267,2.9243,2.0001,4.255
711.267,2.9233000000000002,2.0001,4.2532
712.267,2.9222,2.0001,4.251
713.268,2.9212000000000002,2.0001,4.2488
714.268,2.9201,2.0001,4.247
715.268,2.9192,2.0001,4.2448
716.268,2.9181000000000004,2.0001,4.2428
717.269,2.9172000000000002,2.0001,4.241
718.269,2.9161,2.0001,4.2388
719.269,2.9151000000000002,2.0001,4.237
720.27,2.9142,2.0001,4.2348
721.271,2.9131,2.0001,4.2328
722.271,2.9120000000000004,2.0001,4.2306
723.271,2.9111000000000002,2.0001,4.2288
724.272,2.9101000000000004,2.0001,4.2266
725.272,2.9090000000000003,2.0001,4.2248
726.272,2.9081,2.0001,4.2228
727.273,2.907,2.0001,4.2206
728.273,2.906,2.0001,4.2184
729.273,2.9050000000000002,2.0001,4.2166
730.274,2.9040000000000004,2.0001,4.2144
731.274,2.9029000000000003,2.0001,4.2126
732.275,2.9018,2.0001,4.2104
733.275,2.9007,2.0001,4.2082
734.275,2.8996000000000004,2.0001,4.206
735.276,2.8985000000000003,2.0001,4.2038
736.276,2.8974,2.0001,4.2016
737.277,2.8964000000000003,2.0001,4.1994
738.277,2.8953,2.0001,4.1972
739.278,2.8943000000000003,2.0001,4.195
740.278,2.8932,2.0001,4.1928
741.279,2.8921,2.0001,4.1906
742.279,2.8909000000000002,2.0001,4.1884
743.28,2.8898,2.0001,4.1862
744.281,2.8887,2.0001,4.184
745.281,2.8876000000000004,2.0001,4.1818
746.282,2.8865000000000003,2.0001,4.1796
747.282,2.8854,2.0001,4.1772
748.283,2.8842000000000003,2.0001,4.175
749.283,2.8831,2.0001,4.1728
750.284,2.882,2.0001,4.1706
751.284,2.8810000000000002,2.0001,4.1684
752.284,2.8799,2.0001,4.1662
753.285,2.8788,2.0001,4.1644
754.285,2.8777000000000004,2.0001,4.1622
755.286,2.8766000000000003,2.0001,4.16
756.286,2.8754000000000004,2.0001,4.1574
757.286,2.8746,2.0001,4.156
758.287,2.8737000000000004,2.0001,4.154
759.287,2.8729,2.0001,4.1524
760.288,2.8720000000000003,2.0001,4.1506
761.288,2.871,2.0001,4.1484
762.288,2.8698,2.0001,4.146
763.288,2.8685,2.0001,4.1438
764.289,2.8674000000000004,2.0001,4.1412
765.289,2.8662,2.0001,4.1388
766.29,2.8649,2.0001,4.1362
767.29,2.8637,2.0001,4.1338
768.291,2.8624,2.0001,4.1316
769.292,2.8612,2.0001,4.129
770.293,2.8599,2.0001,4.1266
771.293,2.8588,2.0001,4.124
772.294,2.8574,2.0001,4.1216
773.295,2.8563,2.0001,4.119
774.295,2.8551,2.0001,4.1166
775.295,2.8537000000000003,2.0001,4.114
776.296,2.8526000000000002,2.0001,4.1116
777.297,2.8513,2.0001,4.1094
778.297,2.8502,2.0001,4.1068
779.298,2.8488,2.0001,4.1044
780.298,2.8477,2.0001,4.1018
781.299,2.8465000000000003,2.0001,4.0996
782.3,2.8454,2.0001,4.0972
783.3,2.8441,2.0001,4.095
784.301,2.8429,2.0001,4.0924
785.301,2.8416,2.0001,4.09
786.302,2.8404000000000003,2.0001,4.0874
787.302,2.8393,2.0001,4.0852
788.303,2.838,2.0001,4.0824
789.303,2.8369,2.0001,4.0802
790.304,2.8358000000000003,2.0001,4.078
791.304,2.8346,2.0001,4.0758
792.305,2.8335000000000004,2.0001,4.0734
793.306,2.8321,2.0001,4.0708
794.306,2.8310000000000004,2.0001,4.0684
795.306,2.8297000000000003,2.0001,4.0662
796.307,2.8286000000000002,2.0001,4.0636
797.307,2.8274000000000004,2.0001,4.0614
798.308,2.8261000000000003,2.0001,4.059
799.308,2.825,2.0001,4.0564
800.309,2.8236000000000003,2.0001,4.0536
801.309,2.8222,2.0001,4.0512
802.31,2.821,2.0001,4.048
803.31,2.8194000000000004,2.0001,4.0456
804.31,2.818,2.0001,4.0426
805.31,2.8168,2.0001,4.0398
806.311,2.8153,2.0001,4.037
807.311,2.8141000000000003,2.0001,4.0346
808.312,2.8127,2.0001,4.0318
809.312,2.8113,2.0001,4.029
810.312,2.8099000000000003,2.0001,4.0262
811.312,2.8083,2.0001,4.0232
812.313,2.8069,2.0001,4.0204
813.314,2.8055000000000003,2.0001,4.0176
814.315,2.8042000000000002,2.0001,4.0148
815.315,2.8027,2.0001,4.0118
816.315,2.8013000000000003,2.0001,4.009
817.316,2.7999,2.0001,4.006
818.316,2.7985,2.0001,4.0036
819.317,2.7972,2.0001,4.0008
820.317,2.7958000000000003,2.0001,3.9982
821.317,2.7944000000000004,2.0001,3.9951
822.318,2.793,2.0001,3.9923
823.318,2.7917000000000005,2.0001,3.9897
824.318,2.7902000000000005,2.0001,3.9867
825.318,2.7888,2.0001,3.9837
826.319,2.7874,2.0001,3.9809
827.32,2.7859000000000003,2.0001,3.9781
828.32,2.7844,2.0001,3.9753
829.321,2.7830000000000004,2.0001,3.9723
830.321,2.7816,2.0001,3.9695
831.321,2.7802000000000002,2.0001,3.9663
832.321,2.7786,2.0001,3.9635
833.322,2.777,2.0001,3.9607
834.322,2.7756000000000003,2.0001,3.9575
835.323,2.7742000000000004,2.0001,3.9547
836.323,2.7727000000000004,2.0001,3.9515
837.324,2.7711,2.0001,3.9485
838.324,2.7695000000000003,2.0001,3.9453
839.325,2.7680000000000002,2.0001,3.9421
840.325,2.7664,2.0001,3.9391
841.325,2.7648,2.0001,3.9357
842.326,2.7631,2.0001,3.9325
843.326,2.7617000000000003,2.0001,3.9297
844.326,2.7601000000000004,2.0001,3.9265
845.327,2.7584,2.0001,3.9231
846.327,2.7569,2.0001,3.9199
847.327,2.7553,2.0001,3.9169
848.328,2.7536000000000005,2.0001,3.9135
849.328,2.7520000000000002,2.0001,3.9103
850.329,2.7504,2.0001,3.9069
851.329,2.7487000000000004,2.0001,3.9035
852.33,2.747,2.0001,3.9003
853.33,2.7453000000000003,2.0001,3.8969
854.331,2.7436000000000003,2.0001,3.8933
855.331,2.7418000000000005,2.0001,3.8899
856.331,2.7401,2.0001,3.8865
857.331,2.7384000000000004,2.0001,3.8831
858.332,2.7367,2.0001,3.8797
859.332,2.7350000000000003,2.0001,3.8761
860.332,2.7332,2.0001,3.8727
861.332,2.7315000000000005,2.0001,3.8693
862.333,2.7298,2.0001,3.8659
863.333,2.7281000000000004,2.0001,3.8621
864.333,2.7262000000000004,2.0001,3.8587
865.333,2.7245,2.0001,3.8553
866.334,2.7228000000000003,2.0001,3.8519
867.334,2.7209000000000003,2.0001,3.8481
868.334,2.7190000000000003,2.0001,3.8443
869.335,2.7171000000000003,2.0001,3.8405
870.335,2.7153,2.0001,3.8367
871.335,2.7134,2.0001,3.8331
872.336,2.7115,2.0001,3.8289
873.336,2.7096,2.0001,3.8253
874.336,2.7077,2.0001,3.8215
875.336,2.7057,2.0001,3.8177
876.337,2.7038,2.0001,3.8137
877.337,2.7018000000000004,2.0001,3.8095
878.337,2.6999000000000004,2.0001,3.8059
879.337,2.6979,2.0001,3.8017
880.337,2.696,2.0001,3.7981
881.338,2.694,2.0001,3.7943
882.338,2.6921,2.0001,3.7901
883.338,2.6901,2.0001,3.7861
884.338,2.688,2.0001,3.7823
885.339,2.686,2.0001,3.7783
886.339,2.6843000000000004,2.0001,3.7745
887.339,2.6823,2.0001,3.7707
888.339,2.6802,2.0001,3.7667
889.34,2.6783,2.0001,3.7627
890.34,2.6763000000000003,2.0001,3.7589
891.341,2.6744000000000003,2.0001,3.7549
892.341,2.6724,2.0001,3.7507
893.342,2.6704,2.0001,3.7467
894.342,2.6682,2.0001,3.7423
895.343,2.6660000000000004,2.0001,3.7383
896.343,2.664,2.0001,3.7339
897.344,2.6618000000000004,2.0001,3.7295
898.344,2.6594,2.0001,3.7249
899.345,2.6572000000000005,2.0001,3.7201
900.346,2.6549000000000005,2.0001,3.7157
901.346,2.6525000000000003,2.0001,3.7111
902.346,2.6502,2.0001,3.7063
903.347,2.6479,2.0001,3.7017
904.348,2.6457,2.0001,3.6973
905.348,2.6433,2.0001,3.6925
906.349,2.641,2.0001,3.6879
907.349,2.6386000000000003,2.0001,3.6833
908.35,2.6363000000000003,2.0001,3.6783
909.35,2.6338,2.0001,3.6733
910.351,2.6313000000000004,2.0001,3.6685
911.351,2.6288,2.0001,3.6635
912.352,2.6264000000000003,2.0001,3.6585
913.352,2.6239,2.0001,3.6539
914.353,2.6214000000000004,2.0001,3.6489
915.354,2.6189,2.0001,3.6439
916.354,2.6164000000000005,2.0001,3.6389
917.354,2.6139,2.0001,3.6337
918.355,2.6114,2.0001,3.6285
919.355,2.6084000000000005,2.0001,3.6229
920.356,2.6055,2.0001,3.6165
921.356,2.6025,2.0001,3.6107
922.356,2.5997000000000003,2.0001,3.6051
923.357,2.5969,2.0001,3.5993
924.358,2.5941,2.0001,3.5941
925.358,2.5912,2.0001,3.5885
926.359,2.5884,2.0001,3.5829
927.359,2.5856000000000003,2.0001,3.5769
928.359,2.5828,2.0001,3.5713
929.36,2.58,2.0001,3.5657
930.36,2.577,2.0001,3.5597
931.36,2.5742000000000003,2.0001,3.5541
932.36,2.5712,2.0001,3.5481
933.361,2.5683000000000002,2.0001,3.5421
934.361,2.5653,2.0001,3.5365
935.362,2.5623000000000005,2.0001,3.5303
936.362,2.5593000000000004,2.0001,3.5243
937.362,2.5564,2.0001,3.5183
938.363,2.5534,2.0001,3.5125
939.363,2.5504000000000002,2.0001,3.5065
940.364,2.5475000000000003,2.0001,3.5009
941.364,2.5445,2.0001,3.4949
942.364,2.5415,2.0001,3.4887
943.365,2.5385,2.0001,3.4827
944.365,2.5354,2.0001,3.4765
945.365,2.5321000000000002,2.0001,3.4699
946.366,2.5288000000000004,2.0001,3.4633
947.366,2.5254000000000003,2.0001,3.4565
948.367,2.5221,2.0001,3.4499
949.367,2.5187,2.0001,3.4431
950.368,2.5152,2.0001,3.4361
951.368,2.5118,2.0001,3.4289
952.368,2.5084,2.0001,3.4221
953.369,2.5049,2.0001,3.4151
954.369,2.5013000000000005,2.0001,3.4083
955.37,2.4977,2.0001,3.4011
956.37,2.4941000000000004,2.0001,3.3935
957.37,2.4904,2.0001,3.3863
958.371,2.4868,2.0001,3.3789
959.371,2.483,2.0001,3.3717
960.371,2.4793000000000003,2.0001,3.3639
961.372,2.4754000000000005,2.0001,3.3563
962.372,2.4714,2.0001,3.3485
963.373,2.4675000000000002,2.0001,3.3405
964.373,2.4638,2.0001,3.3325
965.373,2.4597,2.0001,3.3247
966.374,2.4558,2.0001,3.3169
967.374,2.4517,2.0001,3.3089
968.375,2.4478,2.0001,3.3007
969.375,2.4436,2.0001,3.2925
970.376,2.4395000000000002,2.0001,3.2845
971.376,2.4355,2.0001,3.2759
972.377,2.4313000000000002,2.0001,3.2675
973.377,2.4270000000000005,2.0001,3.2591
974.378,2.4227000000000003,2.0001,3.2507
975.378,2.4184,2.0001,3.2419
976.378,2.4141000000000004,2.0001,3.2331
977.379,2.4097,2.0001,3.2243
978.379,2.4053000000000004,2.0001,3.2157
979.38,2.4008000000000003,2.0001,3.2065
980.38,2.3962000000000003,2.0001,3.1975
981.381,2.3915,2.0001,3.1881
982.381,2.3870000000000005,2.0001,3.1791
983.382,2.3825000000000003,2.0001,3.1699
984.382,2.3778,2.0001,3.1603
985.382,2.3729000000000005,2.0001,3.1509
986.382,2.3681,2.0001,3.1411
987.383,2.3632,2.0001,3.1315
988.383,2.3582,2.0001,3.1215
989.383,2.3534,2.0001,3.1115
990.383,2.3482000000000003,2.0001,3.1015
991.384,2.3432000000000004,2.0001,3.0915
992.384,2.3381000000000003,2.0001,3.0811
993.385,2.3329000000000004,2.0001,3.0709
994.386,2.3276000000000003,2.0001,3.0601
995.386,2.3224,2.0001,3.0495
996.387,2.3169000000000004,2.0001,3.0385
997.387,2.3116000000000003,2.0001,3.0279
998.388,2.3061000000000003,2.0001,3.0171
999.389,2.3005000000000004,2.0001,3.0057
1000.389,2.295,2.0001,2.9945
1001.389,2.2894,2.0001,2.9835
1002.389,2.2838000000000003,2.0001,2.9719
1003.389,2.2772,2.0001,2.9591
1004.39,2.271,2.0001,2.9463
1005.391,2.2649,2.0001,2.9341
1006.391,2.2585,2.0001,2.9209
1007.391,2.2519,2.0001,2.9081
1008.392,2.2456000000000005,2.0001,2.8957
1009.392,2.2394000000000003,2.0001,2.8831
1010.393,2.233,2.0001,2.8703
1011.393,2.2265,2.0001,2.8575
1012.393,2.2201000000000004,2.0001,2.8443
1013.394,2.2136000000000005,2.0001,2.8315
1014.395,2.2070000000000003,2.0001,2.8183
1015.396,2.2003000000000004,2.0001,2.8047
1016.396,2.1936,2.0001,2.7911
1017.397,2.1868000000000003,2.0001,2.7777
1018.397,2.1798,2.0001,2.7639
1019.397,2.1729000000000003,2.0001,2.7503
1020.398,2.1660000000000004,2.0001,2.7361
1021.398,2.1588000000000003,2.0001,2.7217
1022.399,2.1518,2.0001,2.7077
1023.399,2.1446000000000005,2.0001,2.6933
1024.399,2.1374000000000004,2.0001,2.6789
1025.4,2.1301,2.0001,2.6639
1026.401,2.1227,2.0001,2.6491
1027.401,2.1152,2.0001,2.6345
1028.402,2.1077000000000004,2.0001,2.6195
1029.403,2.1002,2.0001,2.6041
1030.403,2.0925000000000002,2.0001,2.5889
1031.403,2.0849,2.0001,2.5735
1032.403,2.077,2.0001,2.5579
1033.403,2.0691,2.0001,2.5419
1034.403,2.0612000000000004,2.0001,2.5263
1035.404,2.0533,2.0001,2.5103
1036.404,2.0453,2.0001,2.4941
1037.405,2.037,2.0001,2.4777
1038.405,2.0289,2.0001,2.4615
1039.405,2.0206,2.0001,2.4449
1040.406,2.0123,2.0001,2.4281
1041.406,2.0039000000000002,2.0001,2.4115
1042.407,1.9954000000000003,2.0001,2.3943
1043.407,1.9868000000000001,2.0001,2.3773
1044.407,1.9782000000000002,2.0001,2.3599
1045.408,1.9694000000000003,2.0001,2.3423
1046.408,1.9607,2.0001,2.3249
1047.408,1.9519000000000002,2.0001,2.3071
1048.408,1.9430000000000003,2.0001,2.2891
1049.409,1.9339000000000002,2.0001,2.2711
1050.409,1.9247000000000003,2.0001,2.2529
1051.41,1.9155000000000002,2.0001,2.2341
1052.411,1.9063,2.0001,2.2157
1053.411,1.8969000000000003,2.0001,2.1969
1054.411,1.8875000000000002,2.0001,2.1781
1055.411,1.8780000000000001,2.0001,2.1591
1056.412,1.8684000000000003,2.0001,2.1399
1057.412,1.8587000000000002,2.0001,2.1207
1058.412,1.8490000000000002,2.0001,2.1013
1059.412,1.8393000000000002,2.0001,2.0815
1060.413,1.8295000000000001,2.0001,2.0617
1061.413,1.8196,2.0001,2.0421
1062.414,1.8098000000000003,2.0001,2.0223
1063.414,1.7998000000000003,2.0001,2.0023
1064.414,1.7898,2.0001,1.9822
1065.415,1.7796000000000003,2.0001,1.962
1066.415,1.7694,2.0001,1.9416
1067.416,1.7594000000000003,2.0001,1.9212
1068.416,1.7491000000000003,2.0001,1.901
1069.417,1.7388000000000003,2.0001,1.8802
1070.417,1.7285000000000001,2.0001,1.8596
1071.418,1.7181000000000002,2.0001,1.8386
1072.418,1.7077000000000002,2.0001,1.818
1073.419,1.6972,2.0001,1.797
1074.419,1.6867,2.0001,1.7762
1075.42,1.676120343982801,1.9999,1.7547
1076.42,1.6656000000000002,2.0001,1.734
1077.421,1.6550000000000002,2.0001,1.7126
1078.421,1.6446,2.0001,1.6916
1079.424,1.6335000000000002,2.0001,1.6692
1080.424,1.6221,2.0001,1.6464
1081.425,1.6105,2.0001,1.6232
1082.425,1.5985,2.0001,1.5992
1083.425,1.5868000000000002,2.0001,1.5756
1084.425,1.5754000000000001,2.0001,1.5528
1085.426,1.5635000000000003,2.0001,1.529
1086.426,1.5517000000000003,2.0001,1.5056
1087.427,1.5402000000000002,2.0001,1.4828
1088.427,1.5286000000000002,2.0001,1.4596
1089.427,1.5169000000000001,2.0001,1.4358
1090.428,1.5050000000000003,2.0001,1.4124
1091.428,1.4934000000000003,2.0001,1.3892
1092.429,1.4820000000000002,2.0001,1.366
1093.43,1.4704000000000002,2.0001,1.343
1094.43,1.4587000000000003,2.0001,1.3194
1095.43,1.447,2.0001,1.2964
1096.431,1.4355000000000002,2.0001,1.2732
1097.431,1.4240000000000002,2.0001,1.25
1098.432,1.4122000000000003,2.0001,1.227
1099.432,1.4008000000000003,2.0001,1.2038
1100.433,1.3893000000000002,2.0001,1.176
1101.433,1.3778000000000001,2.0001,1.153
1102.434,1.3664,2.0001,1.135
1103.434,1.3527000000000002,2.0001,1.1078
1104.434,1.3412000000000002,2.0001,1.085
1105.435,1.3323,2.0001,1.0624
1106.435,1.3187000000000002,2.0001,1.0398
1107.436,1.3075,2.0001,1.0174
1108.436,1.2964000000000002,2.0001,0.9952
1109.437,1.2853000000000003,2.0001,0.9726
1110.437,1.2740000000000002,2.0001,0.9504
1111.437,1.2627000000000002,2.0001,0.9278
1112.437,1.2516000000000003,2.0001,0.9054
1113.438,1.2404000000000002,2.0001,0.8832
1114.438,1.2293000000000003,2.0001,0.861
1115.439,1.2183000000000002,2.0001,0.839
1116.44,1.2072000000000003,2.0001,0.8168
1117.44,1.1963000000000001,2.0001,0.795
1118.44,1.1853000000000002,2.0001,0.773
1119.441,1.1744000000000003,2.0001,0.7512
1120.441,1.1636000000000002,2.0001,0.7296
1121.442,1.1528000000000003,2.0001,0.708
1122.442,1.1419000000000001,2.0001,0.6862
1123.443,1.1311000000000002,2.0001,0.6646
1124.443,1.1204,2.0001,0.6432
1125.444,1.1096000000000001,2.0001,0.622
1126.444,1.0992000000000002,2.0001,0.6008
1127.444,1.0885000000000002,2.0001,0.5794
1128.445,1.0779,2.0001,0.5586
1129.446,1.0674000000000001,2.0001,0.5376
1130.446,1.0569000000000002,2.0001,0.5166
1131.447,1.0466000000000002,2.0001,0.4956
1132.447,1.0361000000000002,2.0001,0.475
1133.448,1.0258000000000003,2.0001,0.4544
1134.448,1.0156000000000003,2.0001,0.434
1135.448,1.0055000000000003,2.0001,0.4136
1136.449,0.9955000000000002,2.0001,0.3936
1137.45,0.9855000000000003,2.0001,0.374
1138.45,0.9756000000000002,2.0001,0.354
1139.451,0.9658000000000002,2.0001,0.3342
1140.451,0.9559000000000002,2.0001,0.3148
1141.452,0.9462000000000002,2.0001,0.2954
1142.452,0.9365000000000002,2.0001,0.2758
1143.453,0.9268000000000002,2.0001,0.2566
1144.453,0.9173000000000002,2.0001,0.2376
1145.454,0.9081000000000002,2.0001,0.2192
1146.454,0.8988000000000002,2.0001,0.2008
1147.455,0.8896000000000002,2.0001,0.1822
1148.455,0.8805000000000002,2.0001,0.1642
1149.456,0.8716000000000002,2.0001,0.1466
1150.456,0.8630000000000002,2.0001,0.1294
1151.457,0.8551934153292335,1.9923,0.1227
1152.457,0.8493174941252938,1.9783,0.1211
1153.458,0.8440381330933453,1.9663,0.1196
1154.458,0.839516364181791,1.9557,0.1183
1155.458,0.8355521873906305,1.9465,0.1172
1156.459,0.8320269786510676,1.9379,0.1161
1157.46,0.8284407379631018,1.9299,0.1153
1158.46,0.8251536373181342,1.9224,0.1143
1159.461,0.8223453327333634,1.9156,0.1136
1160.461,0.8195565121743914,1.9091,0.1129
1161.462,0.8171464876756164,1.9033,0.112
1162.462,0.8145568071596421,1.8973,0.1115
1163.463,0.8120662666866657,1.8918,0.1108
1164.463,0.8099545222738864,1.887,0.1101
1165.463,0.8077834658267087,1.8818,0.1096
1166.464,0.8057920653967302,1.8768,0.1089
1167.464,0.8037599770011501,1.8722,0.1085
1168.465,0.8018677166141693,1.8677,0.1079
1169.465,0.8000745962701865,1.8637,0.1076
1170.465,0.7983814759262037,1.8597,0.1072
1171.466,0.7967078396080197,1.856,0.1066
1172.466,0.7952740312984352,1.8524,0.1064
1173.466,0.793879191040448,1.8494,0.1059
1174.467,0.792584350782461,1.8464,0.1055
1175.468,0.7913098545072748,1.8432,0.1054
1176.469,0.789795530223489,1.8399,0.1048
1177.469,0.7883015499225039,1.8364,0.1044
1178.47,0.786987225638718,1.8331,0.1042
1179.47,0.7855923853807311,1.8301,0.1037
1180.471,0.7843975451227438,1.8271,0.1035
1181.472,0.7838196090195491,1.8259,0.1033
1182.472,0.7821070046497676,1.8216,0.1026
1183.473,0.778799560021999,1.8143,0.1019
1184.473,0.776110739463027,1.8078,0.1013
1185.473,0.7741184790760461,1.8033,0.1007
1186.473,0.7716287985600719,1.7973,0.1002
1187.474,0.7688196340182991,1.791,0.0993
1188.474,0.7661104694765263,1.7847,0.0986
1189.475,0.7635411329433529,1.7785,0.0981
1190.475,0.7610311084445779,1.7727,0.0974
1191.476,0.7588397080145993,1.7677,0.0968
1192.476,0.7569474476276187,1.7632,0.0963
1193.476,0.7547560471976401,1.7582,0.0957
1194.477,0.7529434428278586,1.7539,0.0953
1195.477,0.7511503224838759,1.7499,0.0948
1196.478,0.7496563421828909,1.7464,0.0944
1197.478,0.748541157942103,1.7436,0.0943
1198.479,0.7472658017099145,1.7409,0.0938
1199.479,0.7461506174691266,1.7381,0.0936
1200.479,0.7451540572971351,1.7361,0.0932
1201.479,0.7442778411079446,1.7339,0.093
1202.48,0.7434414529273536,1.7318,0.0929
1203.48,0.7425448927553623,1.7298,0.0926
1204.48,0.7417483325833709,1.7278,0.0925
1205.48,0.7407517724113795,1.7258,0.0921
1206.481,0.7399552122393881,1.7238,0.092
1207.482,0.7392577921103946,1.7223,0.0917
1208.482,0.7384612319384032,1.7203,0.0916
1209.482,0.7376646717664117,1.7183,0.0915
1210.482,0.7366681115944204,1.7163,0.0911
1211.483,0.7357520673966302,1.714,0.0909
1212.483,0.7349555072246389,1.712,0.0907
1213.483,0.7340589470526475,1.71,0.0906
1214.483,0.7333818709064548,1.7083,0.0905
1215.483,0.7324649667516624,1.7065,0.09
1216.483,0.731389610519474,1.7038,0.0899
1217.483,0.7296964901754912,1.6998,0.0895
1218.484,0.7276644017799111,1.6952,0.0889
1219.484,0.7257916254187292,1.691,0.0883
1220.484,0.7239790210489476,1.6867,0.088
1221.485,0.7229833208339583,1.6842,0.0878
1222.485,0.7221071046447678,1.682,0.0874
